{
  "pais": "Angola",
  "total_provincias": 21,
  "total_municipios": 326,
  "total_comunas": 378,
  "data_atualizacao": "2025-01-01",
  "provincias": [
    {
      "id": 1,
      "nome": "Bengo",
      "capital": "Dande",
      "municipios": [
        "Ambriz",
        "Bula Atumba",
        "Dande",
        "Quibaxe",
        "MUXALUANDO",
        "PIRI",
        "QUICUNZO",
        "ÚCUA",
        "PANGUILA",
        "Nambuangongo",
        "Pango Aluquém",
        "BARRA DO DANDE"
      ]
    },
    {
      "id": 2,
      "nome": "Benguela",
      "capital": "Benguela",
      "municipios": [
        "Balombo",
        "Baía Farta",
        "Benguela",
        "Bocoio",
        "Caimbambo",
        "Catumbela",
        "Chongorói",
        "Cubal",
        "Ganda",
        "Lobito"
      ]
    },
    {
      "id": 3,
      "nome": "Bié",
      "capital": "Cuíto",
      "municipios": [
        "Andulo",
        "Camacupa",
        "Catabola",
        "Chinguar",
        "Chitembo",
        "Cuemba",
        "Cunhinga",
        "Cuíto",
        "Nharea"
      ]
    },
    {
      "id": 4,
      "nome": "Cabinda",
      "capital": "Cabinda",
      "municipios": [
        "Belize",
        "Buco-Zau",
        "Cabinda",
        "Cacongo"
      ]
    },
    {
      "id": 5,
      "nome": "Cuando",
      "capital": "Mavinga",
      "municipios": [
        "Mavinga",
        "Calai",
        "Cuangar",
        "Dirico",
        "Rivungo"
      ]
    },
    {
      "id": 6,
      "nome": "Cubango",
      "capital": "Menongue",
      "municipios": [
        "Menongue",
        "Cuchi",
        "Cuito Cuanavale",
        "Nancova"
      ]
    },
    {
      "id": 7,
      "nome": "Cuanza Norte",
      "capital": "Nadalatando",
      "municipios": [
        "Ambaca",
        "Banga",
        "Bolongongo",
        "Cambambe",
        "Cazengo",
        "Golungo Alto",
        "Gonguembo",
        "Lucala",
        "Quiculungo",
        "Samba Caju"
      ]
    },
    {
      "id": 8,
      "nome": "Cuanza Sul",
      "capital": "Sumbe",
      "municipios": [
        "Amboim",
        "Cassongue",
        "Cela",
        "Conda",
        "Ebo",
        "Libolo",
        "Mussende",
        "Porto Amboim",
        "Quibala",
        "Quilenda",
        "Seles",
        "Sumbe"
      ]
    },
    {
      "id": 9,
      "nome": "Cunene",
      "capital": "Ondijiva",
      "municipios": [
        "Cahama",
        "Cuanhama",
        "Curoca",
        "Cuvelai",
        "Namacunde",
        "Ombadja"
      ]
    },
    {
      "id": 10,
      "nome": "Huambo",
      "capital": "Huambo",
      "municipios": [
        "Bailundo",
        "Cachiungo",
        "Caála",
        "Ecunha",
        "Huambo",
        "Londuimbali",
        "Longonjo",
        "Mungo",
        "Chicala-Choloanga",
        "Chinjenje",
        "Ucuma"
      ]
    },
    {
      "id": 11,
      "nome": "Huíla",
      "capital": "Lubango",
      "municipios": [
        "Caconda",
        "Cacula",
        "Caluquembe",
        "Chiange",
        "Chibia",
        "Chicomba",
        "Chipindo",
        "Cuvango",
        "Humpata",
        "Jamba",
        "Lubango",
        "Matala",
        "Quilengues",
        "Quipungo"
      ]
    },
    {
      "id": 12,
      "nome": "Icolo e Bengo",
      "capital": "Icolo e Bengo",
      "municipios": [
        "Icolo e Bengo",
        "Quissama"
      ]
    },
    {
      "id": 13,
      "nome": "Luanda",
      "capital": "Luanda",
      "municipios": [
        "Belas",
        "Cacuaco",
        "Camama",
        "Cazenga",
        "Hoji-ya-Henda",
        "Ingombota",
        "Kilamba",
        "Kilamba Kiaxi",
        "Maianga",
        "Mulenvos",
        "Mussulo",
        "Rangel",
        "Samba",
        "Sambizanga",
        "Talatona",
        "Viana"
      ]
    },
    {
      "id": 14,
      "nome": "Lunda Norte",
      "capital": "Dundo",
      "municipios": [
        "Cambulo",
        "Capenda-Camulemba",
        "Caungula",
        "Chitato",
        "Cuango",
        "Cuílo",
        "Lóvua",
        "Lubalo",
        "Lucapa",
        "Xá-Muteba"
      ]
    },
    {
      "id": 15,
      "nome": "Lunda Sul",
      "capital": "Saurimo",
      "municipios": [
        "Cacolo",
        "Dala",
        "Muconda",
        "Saurimo"
      ]
    },
    {
      "id": 16,
      "nome": "Malanje",
      "capital": "Malanje",
      "municipios": [
        "Cacuso",
        "Calandula",
        "Cambundi-Catembo",
        "Cangandala",
        "Caombo",
        "Cuaba Nzoji",
        "Cunda-Dia-Baze",
        "Luquembo",
        "Malanje",
        "Marimba",
        "Massango",
        "Mucari",
        "Quela",
        "Quirima"
      ]
    },
    {
      "id": 17,
      "nome": "Moxico",
      "capital": "Luena",
      "municipios": [
        "Alto Zambeze",
        "Bundas",
        "Camanongue",
        "Cameia",
        "Léua",
        "Luacano",
        "Luau",
        "Luchazes",
        "Moxico"
      ]
    },
    {
      "id": 18,
      "nome": "Moxico Leste",
      "capital": "Cazombo",
      "municipios": [
        "Cazombo",
        "Alto Zambeze"
      ]
    },
    {
      "id": 19,
      "nome": "Namibe",
      "capital": "Moçâmedes",
      "municipios": [
        "Bibala",
        "Camucuio",
        "Moçâmedes",
        "Tômbua",
        "Virei"
      ]
    },
    {
      "id": 20,
      "nome": "Uíge",
      "capital": "Uíge",
      "municipios": [
        "Alto Cauale",
        "Ambuíla",
        "Bembe",
        "Buengas",
        "Bungo",
        "Damba",
        "Milunga",
        "Mucaba",
        "Negage",
        "Puri",
        "Quimbele",
        "Quitexe",
        "Sanza Pombo",
        "Songo",
        "Uíge",
        "Zombo"
      ]
    },
    {
      "id": 21,
      "nome": "Zaire",
      "capital": "Mabanza Congo",
      "municipios": [
        "Cuimba",
        "Mabanza Congo",
        "Nóqui",
        "Nezeto",
        "Soio",
        "Tomboco"
      ]
    }
  ]
}